{"Albania": [11.244803399999999, -72.51609706675976], "Algeria": [28.0000272, 2.9999825], "American Samoa": [-14.297124, -170.7131481], "Andorra, Principality of": [42.5407167, 1.5732033], "Angola": [-11.8775768, 17.5691241], "Anguilla": [18.1954947, -63.0750234], "Antigua and Barbuda": [17.2234721, -61.9554608], "Argentina": [-34.9964963, -64.9672817], "Aruba, Kingdom of the Netherlands": [12.5013629, -69.9618475], "Australia": [-24.7761086, 134.755], "Austria": [47.59397, 14.12456], "Bahamas, The": [-33.9772194, 18.5569836], "Bahrain, Kingdom of": [26.24353335, 50.5877273], "Bangladesh": [-0.2864982, 36.0514231], "Barbados": [13.1500331, -59.5250305], "Belgium": [50.6402809, 4.6667145], "Belize": [17.1204943, -88.6859028], "Benin": [9.5293472, 2.2584408], "Bhutan": [27.549511, 90.5119273], "Bolivia": [-17.0568696, -64.9912286], "Bosnia and Herzegovina": [44.3053476, 17.5961467], "Botswana": [-23.1681782, 24.5928742], "Brazil": [-10.3333333, -53.2], "British Virgin Islands": [18.4024395, -64.5661642], "Brunei Darussalam": [4.4137155, 114.5653908], "Bulgaria": [42.6073975, 25.4856617], "Burkina Faso": [12.0753083, -1.6880314], "Burundi": [-3.426449, 29.9324519], "Cabo Verde": [16.0000552, -24.0083947], "Cambodia": [12.5433216, 104.8144914], "Cameroon": [4.6125522, 13.1535811], "Canada": [61.0666922, -107.991707], "Cayman Islands": [19.703182249999998, -79.9174627243246], "Chad": [15.6134137, 19.0156172], "Chile": [-31.7613365, -71.3187697], "China, P.R.: Hong Kong": [22.1626476, 113.57228758555463], "China, P.R.: Macao": [22.1938349, 113.551515185608], "Colombia": [4.099917, -72.9088133], "Cook Islands": [-19.99697155, -157.78587140620786], "Costa Rica": [10.2735633, -84.0739102], "Cuba": [23.0131338, -80.8328748], "Cyprus": [34.9174159, 32.889902651331866], "Denmark": [55.670249, 10.3333283], "Djibouti": [11.8145966, 42.8453061], "Dominica": [15.4113138, -61.3653618], "Ecuador": [-1.3397668, -79.3666965], "El Salvador": [13.8000382, -88.9140683], "Eswatini, Kingdom of": [-26.5624806, 31.3991317], "Falkland Islands (Malvinas)": [-51.9492937, -59.5383657], "Faroe Islands": [62.0448724, -7.0322972], "Finland": [63.2467777, 25.9209164], "France": [46.603354, 1.8883335], "French Polynesia": [-17.0243749, -144.6434898], "Gabon": [-0.8999695, 11.6899699], "Gambia, The": [-34.0144577, 18.7065565], "Georgia": [32.3293809, -83.1137366], "Germany": [51.1638175, 10.4478313], "Ghana": [8.0300284, -1.0800271], "Gibraltar": [36.1285933, -5.3474761], "Greece": [38.9953683, 21.9877132], "Greenland": [35.9948477, -94.1796014], "Grenada": [12.1360374, -61.6904045], "Guadeloupe": [16.2528827, -61.5686855], "Guatemala": [15.5855545, -90.345759], "Guinea": [10.7226226, -10.7083587], "Guinea-Bissau": [11.815215, -15.2351044], "Guyana": [4.8417097, -58.6416891], "Haiti": [19.1399952, -72.3570972], "Holy See": [30.0341947, -95.8116685], "Honduras": [15.2572432, -86.0755145], "Hungary": [47.1817585, 19.5060937], "Iceland": [64.9841821, -18.1059013], "India": [22.3511148, 78.6677428], "Indonesia": [-2.4833826, 117.8902853], "Iraq": [33.0955793, 44.1749775], "Ireland": [52.865196, -7.9794599], "Isle of Man": [54.1936805, -4.5591148], "Israel": [30.8124247, 34.8594762], "Italy": [42.6384261, 12.674297], "Jamaica": [18.1850507, -77.3947693], "Japan": [36.5748441, 139.2394179], "Jordan": [10.6611675, 122.5909592], "Kenya": [1.4419683, 38.4313975], "Kiribati": [0.3448612, 173.6641773], "Kuwait": [29.3796532, 47.9734174], "Latvia": [56.8406494, 24.7537645], "Lebanon": [40.375713, -76.4626118], "Lesotho, Kingdom of": [-29.6039267, 28.3350193], "Liberia": [5.7499721, -9.3658524], "Libya": [26.8234472, 18.1236723], "Liechtenstein": [47.1416307, 9.5531527], "Lithuania": [55.3500003, 23.7499997], "Luxembourg": [49.6112768, 6.129799], "Malawi": [-13.2687204, 33.9301963], "Malaysia": [4.5693754, 102.2656823], "Maldives": [3.7203503, 73.2244152], "Mali": [16.3700359, -2.2900239], "Malta": [35.8885993, 14.4476911], "Martinique": [14.6367927, -61.01582685063731], "Mauritius": [-20.2759451, 57.5703566], "Mayotte": [-12.823048, 45.1520755], "Mexico": [19.4326296, -99.1331785], "Micronesia, Federated States of": [6.9255136, 158.1619906], "Monaco": [43.7323492, 7.4276832], "Mongolia": [43.9382593, -79.2235563], "Montenegro": [-29.6826112, -51.4687455], "Montserrat": [16.7417041, -62.1916844], "Morocco": [28.3347722, -10.371337908392647], "Myanmar": [17.1750495, 95.9999652], "Namibia": [-23.2335499, 17.3231107], "Nepal": [28.3780464, 83.9999901], "Netherlands, The": [38.9445553, -77.0560885], "New Caledonia": [-20.63784275, 161.21176261225781], "New Zealand": [-41.5000831, 172.8344077], "Nicaragua": [12.6090157, -85.2936911], "Niger": [17.7356214, 9.3238432], "Nigeria": [9.6000359, 7.9999721], "Niue": [-19.0536414, -169.861341], "Norfolk Island": [-29.0328038, 167.9483137], "North Macedonia, Republic of ": [41.6171214, 21.7168387], "Norway": [64.5731537, 11.52803643954819], "Oman": [21.0000287, 57.0036901], "Pakistan": [30.3308401, 71.247499], "Panama": [8.559559, -81.1308434], "Papua New Guinea": [-5.6816069, 144.2489081], "Paraguay": [-23.3165935, -58.1693445], "Peru": [-6.8699697, -75.0458515], "Philippines": [12.7503486, 122.7312101], "Pitcairn Islands": [-25.0657719, -130.101782], "Portugal": [39.6621648, -8.1353519], "Puerto Rico": [18.2247706, -66.4858295], "Qatar": [25.3336984, 51.2295295], "Romania": [45.9852129, 24.6859225], "Russian Federation": [64.6863136, 97.7453061], "Rwanda": [-1.9646631, 30.0644358], "Saint Helena": [-15.96545515, -5.702575637953244], "Saint Pierre and Miquelon": [46.8374544, -56.2120555], "Samoa": [-13.7693895, -172.12005], "Saudi Arabia": [25.6242618, 42.3528328], "Senegal": [14.4750607, -14.4529612], "Seychelles": [-4.6574977, 55.4540146], "Sierra Leone": [8.6400349, -11.8400269], "Singapore": [1.357107, 103.8194992], "Solomon Islands": [-8.7053941, 159.1070693851845], "Somalia": [8.3676771, 49.083416], "South Africa": [-28.8166236, 24.991639], "Spain": [39.3260685, -4.8379791], "Sri Lanka": [7.5554942, 80.7137847], "St. Kitts and Nevis": [17.250512, -62.6725973], "St. Lucia": [13.8250489, -60.975036], "St. Vincent and the Grenadines": [12.90447, -61.2765569], "Sudan": [10.9, 6.5], "Suriname": [4.1413025, -56.0771187], "Sweden": [59.6749712, 14.5208584], "Switzerland": [46.7985624, 8.2319736], "Thailand": [14.8971921, 100.83273], "Togo": [8.7800265, 1.0199765], "Tokelau": [-9.1676396, -171.819687], "Tonga": [-19.9160819, -175.202642], "Trinidad and Tobago": [10.7466905, -61.0840075], "Tunisia": [36.8002068, 10.1857757], "Turkmenistan": [39.3763807, 59.3924609], "Turks and Caicos Islands": [21.721746, -71.5527809], "Tuvalu": [-8.6405212, 179.1582918181797], "Uganda": [1.5333554, 32.2166578], "Ukraine": [49.4871968, 31.2718321], "United Arab Emirates": [24.0002488, 53.9994829], "United Kingdom": [54.7023545, -3.2765753], "United States": [39.7837304, -100.445882], "United States Virgin Islands": [17.789187, -64.7080574], "Uruguay": [-32.8755548, -56.0201525], "Vanuatu": [-16.5255069, 168.1069154], "Vietnam": [15.9266657, 107.9650855], "Wallis and Futuna Islands": [-13.289402, -176.204224], "West Bank and Gaza": [31.9049661, 35.2023413], "Western Sahara": [24.1797324, -13.7667848], "World": [33.9744819, -118.269835], "Zambia": [-14.5189121, 27.5589884], "Zimbabwe": [-18.4554963, 29.7468414]}